{"cameraMode":{"drawMode":0,"name":"Shaded","section":"Shading Mode"},"sceneLighting":true,"audioPlay":false,"sceneViewState":{"m_AlwaysRefresh":false,"showFog":true,"showSkybox":true,"showFlares":true,"showImageEffects":true,"showParticleSystems":true,"showVisualEffectGraphs":true,"m_FxEnabled":true},"in2DMode":false,"pivot":{"x":263.6878662109375,"y":-38.62677764892578,"z":-163.13323974609376},"rotation":{"x":-0.014791695401072503,"y":0.9846840500831604,"z":-0.10557562112808228,"w":-0.13795921206474305},"size":328.1572570800781,"orthographic":false}